지점,지점명,일시,평균기온(°C),평균최고기온(°C),평균최저기온(°C),최고기온(°C),최저기온(°C),최고기온 나타난날(yyyymmdd),최저기온 나타난날(yyyymmdd),평균현지기압(hPa),평균해면기압(hPa),최고해면기압(hPa),최저해면기압(hPa),최고해면기압 나타난날(yyyymmdd),최저해면기압 나타난날(yyyymmdd),평균수증기압(hPa),최고수증기압(hPa),최저수증기압(hPa),최고수증기압 나타난날(yyyymmdd),최저수증기압 나타난날(yyyymmdd),평균이슬점온도(°C),평균상대습도(%),최소상대습도(%),최소상대습도 나타난날(yyyymmdd),월합강수량(00~24h만)(mm),일최다강수량(mm),1시간최다강수량(mm),10분최다강수량(mm),일최다강수량 나타난날(yyyymmdd),1시간최다강수량 나타난날(yyyymmdd),10분최다강수량 나타난날(yyyymmdd),소형총증발량(mm),소형일최대증발량(mm),대형총증발량(mm),대형일최대증발량(mm),소형일최대증발량 나타난날(yyyymmdd),대형일최대증발량 나타난날(yyyymmdd),평균풍속(m/s),최대풍속(m/s),최대순간풍속(m/s),최대풍속 풍향(16방위),최대순간풍속 풍향(16방위),최대풍속 나타난날(yyyymmdd),최대순간풍속 나타난날(yyyymmdd),최다풍향(16방위),평균운량(1/10),평균중하층운량(1/10),합계 일조시간(hr),일조율(%),합계 일사량(MJ/m2),최심적설(cm),최심신적설(cm),3시간신적설합(cm),최심적설 나타난날(yyyymmdd),최심신적설 나타난날(yyyymmdd),평균 최저초상온도(°C),최저초상온도(°C),최저초상온도 나타난날(yyyymmdd),평균지면온도(°C),0.05m평균지중온도(°C),0.1m평균지중온도(°C),0.2m평균지중온도(°C),0.3m평균지중온도(°C),0.5m평균지중온도(°C),1.0m평균지중온도(°C),1.5m평균지중온도(°C),3.0m평균지중온도(°C),5.0m평균지중온도(°C)
95,철원,2016-01,-6,0,-12.2,8.2,-20.6,20160102,20160120,1005.8,1025.7,1034.8,1010.1,20160101,20160118,2.4,8.1,.6,20160103,20160124,-14.1,57,12,20160131,.9,.9,,,20160118,,,,,,,,,1.3,6.4,11.6,270,320,20160123,20160105,200,,,187.6,61.43,,,,,,,-16.4,-25.2,20160123,-4.5,,,,,,,,,
95,철원,2016-02,-2.2,4.1,-8.7,14.6,-17,20160211,20160202,1004.7,1024.3,1035.9,998.7,20160225,20160213,3,13.9,.7,20160213,20160201,-11.6,54,9,20160210,54.1,32.2,,,20160213,,,,,,,,,1.5,7.5,11.4,360,230,20160213,20160208,200,,,186.1,59.53,,,,,,,-13,-23.4,20160203,-1.4,,,,,,,,,
95,철원,2016-03,4.7,11.7,-2.4,21.4,-13.4,20160331,20160301,1002.5,1021.5,1030.3,1009,20160301,20160318,4.6,12.4,1.2,20160305,20160301,-5,56,10,20160331,45.2,44.7,,,20160305,,,,,,,,,1.6,7.6,12.1,200,200,20160329,20160329,200,,,236.3,63.62,,,,,,,-6.9,-16,20160301,6.2,,,,,,,,,
95,철원,2016-04,12.6,20,5.2,25.6,-1.1,20160425,20160405,995.1,1013.4,1024.3,986.1,20160419,20160417,7.3,14.9,1.7,20160421,20160404,1.4,54,7,20160404,88.8,34.8,8.6,2,20160417,20160416,20160417,,,,,,,2.2,9,13.1,360,270,20160427,20160417,200,,,218.2,55.03,,,,,,,1.2,-6.8,20160405,15.2,,,,,,,,,
95,철원,2016-05,17.7,24.6,10.9,30.8,5.1,20160520,20160505,993.3,1011.2,1025.5,987.7,20160514,20160503,11.6,19.4,3.5,20160527,20160505,8.5,62,9,20160519,149.9,43.5,8.9,2.2,20160503,20160515,20160505,,,,,,,1.9,8.3,14.7,200,250,20160503,20160504,200,,,248.1,56.14,,,,,,,6.9,-1.1,20160505,21.1,,,,,,,,,
95,철원,2016-06,22.1,28,16.8,30.9,12,20160629,20160602,989.8,1007.3,1014.3,995.9,20160606,20160624,17.7,26,7.1,20160622,20160609,15.2,69,14,20160609,27.1,14.6,7.7,2.9,20160615,20160611,20160611,,,,,,,1.6,6.3,9.3,20,20,20160614,20160614,200,,,230.1,51.93,,,,,,,13.6,6.7,20160602,28,,,,,,,,,
95,철원,2016-07,24.1,28.8,20.2,33.5,16.4,20160722,20160706,990.3,1007.7,1015.9,999.4,20160707,20160701,24.4,33.2,15.1,20160730,20160714,20.5,83,35,20160714,460.5,154.2,35,11.5,20160705,20160705,20160724,,,,,,,1.6,6.4,9.5,20,360,20160716,20160714,200,,,153.9,34.22,,,,,,,19.1,14.7,20160704,26.9,,,,,,,,,
95,철원,2016-08,25.3,31,20.7,34.3,10.6,20160812,20160827,988.6,1005.9,1013.4,985.3,20160827,20160831,25.5,34.8,8.2,20160807,20160826,21,80,24,20160826,63.7,30.2,6.1,4.9,20160831,20160825,20160823,,,,,,,1.5,7.1,12.6,200,200,20160831,20160831,340,,,230.5,54.66,,,,,,,19,7.7,20160827,29.7,,,,,,,,,
95,철원,2016-09,20.2,26.7,15.1,29.7,6.1,20160905,20160921,995.9,1013.7,1024.3,996,20160921,20160901,17.6,26.3,7.2,20160904,20160920,15.1,76,23,20160920,32.2,13.4,10,7.5,20160927,20160902,20160902,,,,,,,1.5,7,13.4,90,230,20160919,20160901,360,,,202.5,54.32,,,,,,,12.5,1.5,20160921,22.7,,,,,,,,,
95,철원,2016-10,13.4,19.9,7.6,27.3,-4,20161004,20161030,1001.3,1019.6,1033.2,1007,20161030,20161003,11.3,19.1,1.2,20161003,20161030,7.9,74,8,20161030,173.1,91.6,33,12.5,20161003,20161003,20161003,,,,,,,1.3,6.7,10.1,320,340,20161003,20161002,20,,,185.7,53.47,,,,,,,3.2,-11.8,20161031,15.5,,,,,,,,,
95,철원,2016-11,4.3,10.2,-1.2,18.6,-10.6,20161105,20161124,1004.4,1023.5,1035.7,1010.5,20161129,20161105,6.1,14.1,1.3,20161114,20161124,-1.5,70,16,20161120,15.6,8,,,20161107,,,,,,,,,1.2,6.2,11.2,20,290,20161106,20161111,200,,,142.8,46.97,,,,,,,-6.7,-16.7,20161124,6.1,,,,,,,,,
95,철원,2016-12,-1.4,4.3,-6.6,11.8,-18.7,20161220,20161216,1005.8,1025.3,1036.2,1005.5,20161230,20161222,4.2,9.6,1.2,20161222,20161216,-6.3,73,17,20161206,69.8,39.5,,,20161222,,,,,,,,,1,7.4,11.6,360,290,20161222,20161201,230,,,135.1,45.55,,,,,,,-9.8,-17.3,20161211,1.1,,,,,,,,,
95,철원,2017-01,-4.4,2,-10.4,9.9,-18.2,20170108,20170124,1006.1,1025.8,1037.9,1012.1,20170125,20170108,2.9,7.6,.8,20170102,20170114,-11.6,62,14,20170112,14.5,6.6,,,20170127,,,,,,,,,1.2,6.8,11.2,200,270,20170127,20170127,200,,,196.9,64.37,,,,,,,-15.9,-25.6,20170125,-1.5,,,,,,,,,
95,철원,2017-02,-2.6,3.7,-9.2,10.6,-16.6,20170228,20170202,1004,1023.6,1034.9,1006.1,20170214,20170220,3,9,1.2,20170217,20170210,-10.2,60,15,20170227,9.8,3.7,,,20170217,,,,,,,,,1.3,6.3,10.3,200,200,20170219,20170219,200,,,201.3,66.61,,,,,,,-13.5,-20.3,20170211,-.1,,,,,,,,,
95,철원,2017-03,3.5,10.8,-3.4,17.4,-9.4,20170319,20170308,1000.6,1019.7,1029.3,1007.9,20170319,20170309,4.3,10.9,1.2,20170328,20170307,-5.7,58,10,20170319,21.5,9.2,,,20170331,,,,,,,,,1.3,6.8,11.6,320,320,20170306,20170306,230,,,216,58.17,,,,,,,-8.4,-13.4,20170308,5.2,,,,,,,,,
95,철원,2017-04,12.1,19.3,4.8,26.6,-2.4,20170430,20170402,994.4,1012.8,1026.7,995,20170404,20170418,7.1,12.9,1.4,20170415,20170410,1,54,5,20170410,63.6,18.7,6.7,2.1,20170405,20170418,20170418,,,,,,,2,7.8,13.6,360,360,20170401,20170401,200,,,248.1,62.64,,,,,,,-.2,-10,20170412,14.8,,,,,,,,,
95,철원,2017-05,17.7,24.4,10.9,28.9,5.9,20170503,20170506,993.8,1011.8,1023.6,996.3,20170502,20170513,10.5,17.4,2.3,20170529,20170506,7,55,7,20170501,36,13.8,12.1,4.8,20170513,20170513,20170513,,,,,,,1.8,8.3,15.2,160,230,20170513,20170506,230,,,277.6,62.83,,,,,,,5.5,-2.4,20170506,23,,,,,,,,,
95,철원,2017-06,21.3,27.7,15,32,8.7,20170616,20170611,990.6,1008.3,1016.8,995.5,20170606,20170601,14.6,25.5,4.4,20170628,20170610,11.9,60,12,20170610,74.2,19.6,16.8,9,20170625,20170628,20170628,,,,,,,1.7,7.5,11.6,360,200,20170611,20170609,230,,,272.3,61.45,,,,,,,11.1,2.3,20170604,27.7,,,,,,,,,
95,철원,2017-07,25.5,29.7,22.1,33.6,18.1,20170706,20170701,989.9,1007.3,1013.3,999.3,20170716,20170710,26.4,35,15,20170721,20170706,21.8,82,29,20170706,575.2,117.9,54.9,17.1,20170708,20170723,20170723,,,,,,,1.6,6.4,10.1,20,290,20170725,20170708,200,,,119.9,26.63,,,,,,,21,15.8,20170701,27.9,,,,,,,,,
95,철원,2017-08,23.6,28.5,19.5,33.8,11.7,20170803,20170830,990.3,1007.9,1017.9,995.8,20170827,20170809,24.8,35.9,10.8,20170806,20170829,20.6,85,28,20170826,354.9,102.6,46.1,24.1,20170820,20170824,20170824,,,,,,,1.7,5.9,10.6,20,230,20170816,20170824,360,,,145.9,34.57,,,,,,,18.8,12.4,20170829,26.7,,,,,,,,,
95,철원,2017-09,18.8,25.8,12.6,28.9,3.9,20170926,20170929,995.5,1013.5,1022.5,1004.9,20170930,20170919,15.4,23.1,5.6,20170908,20170929,13,72,22,20170928,26.6,12.8,8.9,6.5,20170911,20170919,20170919,,,,,,,1.4,8.7,14.6,340,340,20170919,20170919,200,,,171.6,47.53,,,,,,,11.1,-.6,20170929,22.4,,,,,,,,,
95,철원,2017-10,12.8,20.2,6.5,26.8,-4.8,20171002,20171031,1003.1,1021.6,1030.5,1009.2,20171015,20171002,10.2,18.6,2.3,20171010,20171030,6.5,69,16,20171030,10.8,6.6,2.2,1,20171011,20171010,20171011,,,,,,,1.2,6.9,12.2,20,20,20171002,20171022,20,,,195.4,56.21,,,,,,,2,-13.2,20171030,15.5,,,,,,,,,
95,철원,2017-11,2.7,8.7,-3.7,18.2,-11.5,20171102,20171119,1004,1023.3,1032.4,1008.3,20171105,20171110,5.4,14.4,1.1,20171103,20171130,-3.6,67,18,20171130,33.5,15.4,,,20171103,,,,,,,,,1.3,7.2,12.8,200,180,20171110,20171110,200,,,163.4,53.71,,,,,,,-9.7,-18.3,20171119,4.2,,,,,,,,,
95,철원,2017-12,-4.9,.4,-10.8,8.5,-18.8,20171223,20171213,1006.4,1026.3,1036.3,1008.7,20171214,20171224,3,7.2,1,20171203,20171227,-11,66,20,20171226,12.8,7.3,,,20171224,,,,,,,,,1.2,6.1,12.5,270,200,20171210,20171210,200,,,171.3,57.75,,,,,,,-16,-22.5,20171217,-2.9,,,,,,,,,
95,철원,2018-01,-7.3,-1.2,-13.3,7.7,-25.2,20180117,20180126,1004.8,1025,1034.8,1006.9,20180114,20180108,2.4,6.6,.4,20180115,20180124,-14.1,62,19,20180102,7.9,5.1,,,20180122,,,,,,,,,1.1,5.6,10.7,290,290,20180110,20180109,200,,,185.7,60.75,,,,,,,-15.7,-24.6,20180112,-3,,,,,,,,,
95,철원,2018-02,-4.4,2.1,-11.5,9.8,-21.1,20180226,20180207,1004.1,1024,1032.6,1004.5,20180202,20180228,2.4,6.6,.7,20180228,20180211,-13.7,52,13,20180217,14.4,11,,,20180228,,,,,,,,,1.5,6.8,11.3,200,230,20180213,20180213,200,,,206.4,68.37,,,,,,,-16.3,-26.2,20180207,-2.2,,,,,,,,,
95,철원,2018-03,6.2,12.8,-.4,21.9,-10.8,20180329,20180302,1001.8,1020.9,1033,1001.3,20180307,20180301,6.1,14,2.2,20180315,20180302,-.9,64,20,20180303,33.6,10.7,,,20180304,,,,,,,,,2.1,7.9,13.4,20,20,20180320,20180320,200,,,202.7,54.65,,,,,,,-5.4,-13.2,20180302,7.2,,,,,,,,,
95,철원,2018-04,11.2,17.9,4.4,27.1,-3.5,20180420,20180408,997.4,1016,1026.8,1001.7,20180413,20180410,7.7,15.3,2,20180430,20180407,2.5,61,8,20180421,139.4,65.5,9,2.4,20180423,20180423,20180404,,,,,,,2.5,9.7,16.4,200,180,20180410,20180410,200,,,203.6,51.43,,,,,,,-.9,-10.5,20180408,12.9,,,,,,,,,
95,철원,2018-05,16.8,22.8,10.9,29.5,5.7,20180515,20180503,993.5,1011.6,1024.6,1001.3,20180510,20180502,12.7,27.4,5,20180516,20180520,9.8,68,17,20180520,263.1,103.7,20.7,10.8,20180517,20180517,20180517,,,,,,,2.2,8.1,13.4,20,270,20180508,20180504,200,,,231.4,52.39,,,,,,,7.4,-.1,20180521,20,,,,,,,,,
95,철원,2018-06,21.7,27.8,16,32.3,12,20180625,20180616,990.1,1007.9,1017.1,996.2,20180602,20180628,17.6,28.6,9.4,20180626,20180622,15.3,70,25,20180622,122.3,72.7,21.4,12,20180626,20180628,20180628,,,,,,,1.8,7.1,13.7,290,270,20180628,20180628,200,,,232.2,52.4,,,,,,,13.3,7.8,20180603,28,,,,,,,,,
95,철원,2018-07,25.4,30.4,21.3,36,14.7,20180728,20180708,991.6,1009.2,1017.2,996.1,20180709,20180704,25.8,35.6,12.7,20180727,20180708,21.3,80,35,20180721,174.2,45.8,20.9,5.2,20180701,20180710,20180710,,,,,,,2,8.1,12.2,20,360,20180707,20180707,20,,,234.6,52.11,,,,,,,19.8,12.8,20180708,30.4,,,,,,,,,
95,철원,2018-08,26.3,31.8,21.8,38.4,15.4,20180801,20180818,990.1,1007.6,1015.8,992.3,20180817,20180824,26.4,36.3,14.6,20180813,20180817,21.8,79,37,20180817,527,384.3,73.3,21.7,20180829,20180829,20180808,,,,,,,1.9,8.8,14.2,360,320,20180829,20180829,200,6,3,235.2,55.7,,,,,,,20,12.4,20180818,31.6,,,,,,,,,
95,철원,2018-09,18.8,25.2,13,29.4,5.9,20180901,20180925,995.8,1013.9,1024.2,995.1,20180911,20180904,16.3,26.3,7.7,20180903,20180930,13.9,77,25,20180919,55.4,24.1,7.9,2.8,20180921,20180903,20180903,,,,,,,1.5,6.1,10.6,200,200,20180906,20180905,200,4.9,2.7,206.9,55.41,,,,,,,8.9,1.1,20180925,21.7,,,,,,,,,
95,철원,2018-10,9.9,17.2,3.7,24.6,-3.3,20181004,20181030,1000.8,1019.6,1029.1,1001.9,20181013,20181006,9.2,18.2,4.4,20181006,20181027,5.1,77,18,20181020,74.8,27.1,6.2,1.9,20181006,20181023,20181023,,,,,,,1.3,8.8,16.9,360,180,20181006,20181028,20,3.9,2.4,217.6,62.56,,,,,,,-2,-9.9,20181030,11.6,,,,,,,,,
95,철원,2018-11,4.5,11.4,-1,18.6,-8.4,20181104,20181123,1005.1,1024.4,1031.1,1004.2,20181123,20181108,6.5,14.5,1.7,20181108,20181123,0,77,15,20181128,60.2,47.1,,,20181108,,,,,,,,,1,7.2,12.4,200,200,20181108,20181109,20,4.1,2.6,159,52.23,,,,,,,-7,-16.2,20181123,5,,,,,,,,,
95,철원,2018-12,-4,2.6,-10.1,11.4,-18.6,20181222,20181228,1008.4,1028.4,1041.2,1014.1,20181231,20181203,3.1,11.2,.5,20181203,20181227,-11.1,62,10,20181210,8.3,4.5,,,20181203,,,,,,,,,1,7.7,12.6,290,290,20181206,20181206,270,4,2.3,190.8,64.29,,,,,,,-16.7,-26.5,20181231,-2.8,,,,,,,,,
95,철원,2019-01,-4.9,2.6,-12.5,7.6,-17.1,20190112,20190109,1006.9,1026.9,1038.5,1017.3,20190103,20190122,2.4,5.2,1,20190128,20190131,-13,57,13,20190124,0,0,,,20190128,,,,,,,,,1.1,6,10.3,320,290,20190128,20190128,200,4,1.5,208.3,68.14,,,,,,,-20.9,-25.8,20190116,-4,,,,,,,,,
95,철원,2019-02,-1.7,5,-8.2,13.2,-15.2,20190223,20190201,1005.3,1025,1037.4,1008.9,20190212,20190203,3.4,7.6,1.1,20190203,20190213,-9,63,15,20190223,20.6,15.1,,,20190203,,,34,4,23.9,2.8,20190223,20190223,1,6,9.8,200,230,20190201,20190201,200,4.9,3,205.6,68.15,196.2,,,,,,-13.2,-24.9,20190201,0,,,,,,,,,
95,철원,2019-03,4.5,11.3,-2.4,17.1,-7.9,20190319,20190314,998.4,1017.5,1027.2,1000.6,20190308,20190321,5.3,11.2,1.2,20190320,20190313,-2.8,66,12,20190313,23.3,12.2,,,20190320,,,92.4,5.2,64.8,3.6,20190329,20190329,1.4,6.3,13.5,200,230,20190327,20190330,200,4.6,2.9,230.7,62.28,449.07,,,,,,-7.4,-13.3,20190314,5.2,,,,,,,,,
95,철원,2019-04,9.9,17.2,2.2,27.6,-5.8,20190422,20190401,996.7,1015.5,1026.1,1002.4,20190403,20190424,7.5,17.9,1.8,20190424,20190405,1.5,63,9,20190405,28,14.3,3.2,1,20190425,20190406,20190425,135,7.3,94.5,5.1,20190417,20190417,1.5,6.4,14.3,200,270,20190404,20190414,230,5.1,2.8,236.2,59.74,533.62,,,,,,-2.1,-11.6,20190402,11.8,,,,,,,,,
95,철원,2019-05,17.8,25.3,10,32.5,2.8,20190524,20190507,993.3,1011.4,1020.6,998.2,20190504,20190527,11.3,22.7,2.7,20190519,20190506,8,59,11,20190505,26.4,16.8,3.8,1.4,20190519,20190520,20190520,223.8,10.1,156.9,7,20190505,20190505,1.5,6.4,14.3,230,230,20190521,20190521,230,3.9,1.2,340,77.06,784.83,,,,,,5.5,-2,20190507,22.3,,,,,,,,,
95,철원,2019-06,20.9,26.9,15.3,32.1,10.3,20190627,20190611,989.5,1007.3,1016.6,994.6,20190625,20190629,18.5,27.2,8.8,20190628,20190602,16,77,25,20190602,57.1,19.8,13.1,3.3,20190618,20190618,20190618,178.7,8.9,125.3,6.2,20190622,20190622,1.4,7.1,14.1,20,20,20190615,20190615,200,5.5,3.3,284.6,64.24,698.73,,,,,,12.8,6.2,20190601,25.4,,,,,,,,,
95,철원,2019-07,24.2,29.1,20.3,34.5,14.3,20190705,20190709,988.7,1006.2,1013,998.2,20190717,20190713,25.3,35.6,14.1,20190725,20190704,20.9,84,27,20190705,305.3,105.4,39.8,11.6,20190726,20190726,20190715,141.3,8.8,98.7,6.1,20190704,20190704,1.6,6.4,11.5,20,20,20190706,20190706,200,6.7,5,211.8,47.02,532.65,,,,,,19.2,11.3,20190709,27.3,,,,,,,,,
95,철원,2019-08,24.8,30.1,20.4,35.1,15.6,20190806,20190830,989.5,1007,1016.4,991.3,20190831,20190815,26.9,37.8,17.8,20190810,20190830,22.1,87,44,20190806,156.9,47.5,18.7,11.3,20190812,20190803,20190803,160.6,7.6,112.5,5.3,20190805,20190805,1.1,6.3,13.4,340,340,20190803,20190803,200,5.7,3.4,267.7,63.35,633.22,,,,,,19.8,14.5,20190830,27.7,,,,,,,,,
95,철원,2019-09,20,25.8,15.3,30.3,8.7,20190907,20190919,997.5,1015.5,1026.1,987.8,20190926,20190907,19.9,33.8,10.6,20190906,20190923,17,86,31,20190916,199.1,86.3,34.5,12.2,20190910,20190905,20190905,110.6,6.6,77.3,4.7,20190916,20190916,1.3,9.4,23.4,160,140,20190907,20190907,20,6.9,4.7,201.4,53.89,448.43,,,,,,14,5.5,20190924,22.3,,,,,,,,,
95,철원,2019-10,13.7,20.3,7.6,27.8,-.9,20191001,20191030,1001.2,1019.7,1030.7,1003.2,20191015,20191003,12.7,25.3,5,20191003,20191008,9.9,82,25,20191008,30.8,16,2,.6,20191007,20191002,20191002,96.5,5.6,67.4,4,20191011,20191011,1.2,6.1,12.5,360,50,20191003,20191012,20,5.1,3,227.7,65.43,413.23,,,,,,4,-5.5,20191030,16,,,,,,,,,
95,철원,2019-11,4.5,11.9,-1.5,20.8,-8.3,20191104,20191120,1004.4,1023.6,1036.4,1005.2,20191121,20191110,6.7,15.9,1.5,20191101,20191114,.3,79,19,20191108,53,15.1,,,20191118,,,53.1,3.1,37.2,2.1,20191103,20191103,.9,6.7,13.6,20,270,20191103,20191118,230,4.7,3,191.4,62.86,276.59,,,,,,-4.6,-10.3,20191129,6.3,,,,,,,,,
95,철원,2019-12,-1.1,4,-6,11.3,-15.6,20191216,20191206,1006.8,1026.5,1040.6,1013.5,20191206,20191217,4.8,11.8,.9,20191217,20191205,-4.5,81,18,20191205,20,5.8,,,20191217,,,31.7,2,22.2,1.4,20191202,20191202,.9,5.4,11.6,290,290,20191211,20191211,250,4.3,3.3,149.1,51.92,204.42,,,,,,-8.2,-16.8,20191206,.4,,,,,,,,,
95,철원,2020-01,-1.2,4.8,-6.2,11,-11.7,20200126,20200115,1004.9,1024.6,1034.7,998.4,20200101,20200108,4.4,9.5,1.6,20200107,20200122,-4.9,79,15,20200122,79.7,52.3,,,20200107,,,40.7,2.8,28.4,2,20200126,20200126,1.1,6,10.9,360,200,20200107,20200120,20,4.8,3.1,179.8,58.87,254.72,,,,,,-8.8,-14.1,20200121,-.3,,,,,,,,,
95,철원,2020-02,0,6,-5.4,15.8,-17.7,20200215,20200206,1005.9,1025.5,1038,1010.7,20200206,20200216,5,10.5,1.5,20200213,20200206,-3.8,79,21,20200202,46.8,14.1,,,20200216,,,46.4,3,32.5,2.1,20200227,20200227,1.1,6.6,12.2,20,50,20200225,20200225,200,4.9,3.7,180.2,57.65,295.28,,,,,,-7.8,-18.9,20200206,2.4,,,,,,,,,
95,철원,2020-03,5.5,12.6,-2.2,19.9,-7.9,20200326,20200316,998.9,1018,1027.9,998.7,20200305,20200319,5.4,13.8,1.9,20200327,20200328,-2.7,63,13,20200328,16.9,9.3,,,20200310,,,109.7,6,76.6,4.2,20200322,20200322,1.4,7.5,19.7,290,340,20200319,20200319,200,3.7,2.6,258.7,69.66,496.47,,,,,,-5.4,-12,20200316,7.6,,,,,,,,,
95,철원,2020-04,9.1,16.4,1.1,22.8,-5.2,20200430,20200405,998.3,1017.1,1027.4,1006.2,20200410,20200425,6.4,17.3,1.7,20200430,20200404,-.4,58,11,20200405,20.9,12,5.9,2.4,20200417,20200417,20200425,148.6,7.3,104,5.1,20200428,20200428,1.7,7.7,15.1,50,20,20200401,20200401,200,3.3,1.6,288.8,72.84,600.33,,,,,,-2.3,-9,20200405,13.5,,,,,,,,,
95,철원,2020-05,16.9,22.6,11.6,28.8,5.6,20200530,20200513,992.1,1010.2,1019.6,991.5,20200514,20200518,14.7,24.9,5.5,20200518,20200507,12.2,79,15,20200506,161.7,57.3,15.3,4.9,20200518,20200518,20200524,138.9,8.8,97.1,6.1,20200506,20200506,1.4,6.6,15.6,20,270,20200519,20200518,230,6.4,4.4,241.9,54.73,564.06,,,,,,9.3,1.9,20200513,20.5,,,,,,,,,
95,철원,2020-06,22.5,28.2,17.4,33.6,12.7,20200622,20200602,988.4,1006.1,1016.7,990.6,20200608,20200630,20.9,30.6,8.4,20200629,20200601,18,79,23,20200622,92.2,46.3,13.3,11.9,20200624,20200627,20200627,170.6,9.2,119.5,6.4,20200615,20200622,1.4,7.5,13.8,360,340,20200627,20200630,230,5.7,3,267.3,60.33,644.17,,,,,,15.4,10.6,20200602,27.5,,,,,,,,,
95,철원,2020-07,22.8,27.5,18.9,31.7,15.3,20200709,20200712,989.5,1007.1,1015.4,998.7,20200731,20200706,24.3,34,16.7,20200730,20200703,20.5,89,36,20200703,184.5,48.5,19.9,14.6,20200723,20200718,20200718,129.2,7.2,90.3,5,20200717,20200717,1.6,7.6,15.9,50,90,20200724,20200723,20,7.2,5.2,210.6,46.82,515.01,,,,,,17.9,14.1,20200712,26,,,,,,,,,
95,철원,2020-08,25.1,28.7,22.3,34.9,18.7,20200826,20200823,990.8,1008.4,1016.4,994.2,20200821,20200827,30.4,39.4,21.7,20200830,20200823,24.2,96,50,20200826,903,155.5,75,23.1,20200802,20200802,20200802,85.6,6.9,60.1,4.8,20200826,20200826,1.3,8.3,20.9,140,160,20200827,20200827,200,7.9,6.6,136.8,32.44,343.97,,,,,,21.9,17.6,20200823,26.8,,,,,,,,,
95,철원,2020-09,18.8,24.4,14.1,30.1,7.8,20200901,20200921,994.6,1012.6,1022,983.7,20200922,20200907,18.9,33,8.4,20200901,20200920,16.2,88,30,20200920,166,37.4,27.2,10.4,20200903,20200909,20200909,101.9,5.7,71.5,4,20200904,20200904,1.6,6.5,16,20,180,20200907,20200903,20,6,4.4,213.3,57.22,429.74,,,,,,12.1,5,20200921,21.7,,,,,,,,,
95,철원,2020-10,10.9,18.5,3.9,23.1,-2.7,20201008,20201024,1002.7,1021.5,1030.8,1008.2,20201008,20201004,10,21.3,2.8,20201002,20201029,6.1,78,15,20201029,4.1,1.6,1.6,1.6,20201022,20201022,20201022,96.1,5,67.2,3.5,20201009,20201009,.9,5.1,11.8,290,290,20201004,20201004,200,3.7,1.9,244,70.26,425.3,,,,,,-.5,-8.3,20201024,13.7,,,,,,,,,
95,철원,2020-11,5,11.4,-1,19.8,-8.9,20201119,20201130,1006.3,1025.6,1038.2,1002.8,20201130,20201119,7.1,22,1.4,20201119,20201108,.4,78,10,20201108,72.3,51,,,20201119,,,55.3,4.2,38.7,2.9,20201108,20201108,1.1,6.4,15,290,290,20201103,20201103,200,4,3.2,182.4,60.04,271.99,,,,,,-4.8,-11.6,20201130,6,,,,,,,,,
95,철원,2020-12,-3.9,2.1,-9.7,9.9,-18.8,20201228,20201216,1007.5,1027.5,1039.9,1015.5,20201201,20201213,3.5,8.6,.9,20201223,20201230,-8.9,73,22,20201216,1.2,1.2,,,20201213,,,37.8,1.9,26.2,1.3,20201224,20201224,.9,5.1,12.4,290,270,20201225,20201225,290,4,2.5,193.4,65.21,257.41,,,,,,-12.5,-20.6,20201216,-1.7,,,,,,,,,
95,철원,2021-01,-5.9,.7,-12.6,13.1,-22.4,20210125,20210109,1005.6,1025.8,1036.7,1010.7,20210103,20210115,3.2,10.4,.5,20210115,20210108,-11.4,70,19,20210127,7.6,3.1,,,20210121,,,35.4,2.2,24.6,1.6,20210127,20210127,1.2,6.8,17.1,320,230,20210118,20210118,200,4.5,2.8,189.5,61.95,261.89,,,,,,-15.5,-24.3,20210109,-3.5,,,,,,,,,
95,철원,2021-02,.1,6.8,-6.7,17.3,-14.6,20210221,20210203,1002.3,1021.9,1031.7,1006.3,20210228,20210221,4.2,10.1,1,20210222,20210224,-7.1,64,8,20210224,4.8,2.5,,,20210203,,,61.1,4.6,42.9,3.2,20210226,20210226,1.5,5.7,13.9,290,290,20210217,20210217,200,4,2.4,203,67.17,337.51,,,,,,-9.2,-15.5,20210218,.8,,,,,,,,,
95,철원,2021-03,6.2,13.4,-.3,21.7,-7.8,20210331,20210303,1001.3,1020.3,1033.3,999,20210303,20210328,6.8,12.9,3.2,20210327,20210322,.9,75,17,20210331,103.7,63.2,,,20210301,,,96.1,5.7,67.4,4,20210330,20210330,1.5,7.4,15.3,20,290,20210301,20210321,20,4.5,2.9,240.7,64.83,469.76,,,,,,-3.5,-9.5,20210308,7.5,,,,,,,,,
95,철원,2021-04,12,18.7,5.2,28,-.3,20210421,20210414,1000,1018.6,1033.1,1000.5,20210411,20210430,8.5,14.4,3.8,20210428,20210411,4.2,65,15,20210421,99.3,43.9,7.9,2.4,20210403,20210403,20210403,141.5,8,99.2,5.6,20210401,20210401,1.7,6.4,14.7,320,340,20210417,20210406,20,4.5,2.8,262,66.14,567.05,,,,,,1.9,-4.1,20210414,14.3,,,,,,,,,
95,철원,2021-05,15.5,21.8,9.7,29.7,3.6,20210514,20210506,991,1009.2,1020.9,996.2,20210503,20210528,13.5,26.6,3.8,20210515,20210509,10.8,79,14,20210509,199.1,79.4,14.8,3.5,20210516,20210516,20210528,143.8,8.7,100.5,6.1,20210511,20210511,1.5,7.3,15,290,290,20210524,20210524,230,5.5,3.8,247.5,56.02,590.74,,,,,,7.1,.1,20210506,18.8,,,,,,,,,
95,철원,2021-06,21.2,26.8,16.4,31.1,12.4,20210613,20210604,990.1,1007.9,1017.5,998.1,20210601,20210620,21.2,30.2,10,20210630,20210604,18.2,86,31,20210608,67.6,18,15.2,5.3,20210630,20210630,20210630,151.1,7.9,105.9,5.5,20210604,20210604,1.3,6,11.9,20,90,20210621,20210616,230,6.2,3.5,247.4,55.83,615.72,,,,,,14.3,9.4,20210606,24.5,,,,,,,,,
95,철원,2021-07,26.1,31.7,21.2,35.7,17.7,20210727,20210706,990.8,1008.3,1017.5,998,20210716,20210730,29,41.9,20.1,20210716,20210706,23.4,88,36,20210727,117.2,52.5,26.9,17.1,20210708,20210708,20210708,178.5,8.3,125.2,5.8,20210727,20210727,1.1,7.2,14.2,20,110,20210708,20210708,230,5.6,2.9,289.1,64.22,691.79,,,,,,20.2,16.6,20210706,31.2,,,,,,,,,
95,철원,2021-08,23.6,28.7,19.7,32.1,15.4,20210805,20210819,991.4,1009,1017.7,997.2,20210830,20210824,26,38.9,18.3,20210801,20210819,21.5,90,44,20210819,219.6,53.4,34.9,18.3,20210821,20210801,20210821,123.5,7.4,86.5,5.2,20210809,20210809,1.4,6.6,14.4,140,140,20210801,20210801,20,6.9,4,211.3,50.06,486.91,,,,,,18.7,12.5,20210819,26.9,,,,,,,,,
95,철원,2021-09,20.3,26,15.1,29.6,12.5,20210914,20210916,996.3,1014.3,1026.6,1003.2,20210925,20210921,19.8,27.9,14.3,20210921,20210920,17.2,86,36,20210920,105.9,44.5,12.2,10,20210921,20210921,20210921,119.8,6.7,83.5,4.7,20210903,20210903,1.4,5.7,11.3,360,70,20210911,20210917,20,5.5,3.6,231.6,62.09,476.77,,,,,,13.1,9.7,20210916,22.4,,,,,,,,,
95,철원,2021-10,12.7,19.2,7.3,27.6,-2.6,20211003,20211017,1003.4,1022.1,1031.9,1006.9,20211017,20211001,13.4,27.7,3,20211009,20211017,9.9,86,23,20211017,128.3,70.7,24.9,7.9,20211004,20211004,20211004,76.7,4.3,53.8,3,20211002,20211002,1,6,11.1,360,180,20211027,20211004,360,4.9,3.4,196.1,56.42,355.35,,,,,,4.9,-5.6,20211017,14.1,,,,,,,,,
95,철원,2021-11,5.3,12,-.4,20.1,-7.1,20211106,20211127,1001.2,1020.3,1038.2,1004.3,20211128,20211130,7.2,15.1,2.1,20211119,20211123,1.2,79,25,20211125,57.3,25,.1,.1,20211130,20211104,20211104,52.8,2.4,36.6,1.6,20211112,20211125,1.1,6.2,15.1,200,270,20211108,20211122,200,4.4,2.9,174.1,57.23,261.99,,,,,,-3.1,-10.3,20211127,5,,,,,,,,,
95,철원,2021-12,-2.1,3.6,-7.5,11.1,-18,20211207,20211226,1006.2,1026.1,1038.2,1013.3,20211226,20211202,4.4,10.4,.9,20211215,20211226,-6.5,76,23,20211231,4.9,1.6,,,20211215,,,36.3,2,25.6,1.4,20211203,20211203,1.1,5.9,14.4,290,290,20211230,20211217,200,3.6,2.5,177.3,59.78,236.21,,,,,,-9.7,-18.5,20211226,-1.7,,,,,,,,,
95,철원,2022-01,-5.8,1.3,-12.7,7.2,-20.1,20220124,20220120,1006.3,1026.4,1035.6,1016.8,20220101,20220111,2.9,7.3,1.2,20220108,20220120,-10.7,73,22,20220107,2.5,1.6,,,20220119,,,39.5,1.9,27.3,1.3,20220123,20220131,.8,5,10.6,290,290,20220113,20220113,200,3.8,1.6,211,69.02,297.08,,,,,,-15.4,-20.5,20220118,-4.7,,,,,,,,,
95,철원,2022-02,-3.9,2.8,-10.8,9.7,-17,20220212,20220223,1006.6,1026.6,1036,1011,20220223,20220226,3,8.8,1,20220226,20220223,-11,62,18,20220218,8.9,7.6,,,20220226,,,52.8,3.3,37.1,2.3,20220227,20220227,1.4,6.3,12.5,290,230,20220222,20220227,200,3.8,1.4,219.4,72.67,354.47,,,,,,-13.7,-20.2,20220223,-2.9,,,,,,,,,
95,철원,2022-03,5.2,11.6,-1.3,17.9,-8.5,20220312,20220307,999,1018.2,1029.3,995.8,20220331,20220326,6.4,16.1,1.6,20220312,20220305,-.6,72,11,20220328,90.9,36.6,,,20220326,,,81.9,5.4,57.5,3.8,20220328,20220328,1.6,6.9,13.7,200,290,20220304,20220305,20,5,3.4,219.7,59.23,427.41,,,,,,-3.9,-10.3,20220307,5.7,,,,,,,,,
95,철원,2022-04,12.6,19.9,5.1,28.8,-2.6,20220426,20220402,998.8,1017.4,1031.9,928.8,20220401,20220421,8.6,21.8,3.3,20220425,20220406,3.7,61,11,20220427,17.9,13.8,2.9,.7,20220429,20220429,20220429,165.2,8.2,115.5,5.7,20220426,20220426,1.7,6.4,12.5,20,50,20220415,20220415,230,3.9,2.7,281.5,71.09,623.21,,,,,,2,-6.1,20220403,16.2,,,,,,,,,
95,철원,2022-05,16.7,23.8,9.4,29.5,2,20220524,20220501,994.2,1012.4,1022,999.3,20220508,20220527,12.1,23.5,4.1,20220530,20220514,9,67,16,20220510,14.5,10.7,5.9,2,20220525,20220525,20220525,198.9,8.4,139.5,5.9,20220524,20220524,1.6,6.3,15.6,230,230,20220501,20220501,290,4.4,1.8,327.7,74.19,751.88,,,,,,5.7,-1,20220503,23.4,,,,,,,,,
95,철원,2022-06,21.2,25.8,17,31.7,10.3,20220621,20220602,989.8,1007.5,1015.9,992.3,20220610,20220624,21.2,35.2,9.2,20220625,20220601,18,86,27,20220601,437.2,144.1,29.5,12.5,20220630,20220623,20220629,120.8,8.2,84.3,5.8,20220601,20220601,1.8,7.1,16.5,340,270,20220629,20220628,270,6.7,5.2,195.6,44.14,492.74,,,,,,15.5,6.4,20220602,25.1,,,,,,,,,
95,철원,2022-07,25.2,29.9,21.4,34.5,18.8,20220730,20220712,988.5,1006,1015.6,997,20220701,20220718,26.9,33.8,21.4,20220706,20220712,22.3,85,47,20220728,247.6,75.1,21.9,10.8,20220731,20220731,20220715,146.3,7.7,102.6,5.4,20220729,20220729,1.1,5.6,12,360,360,20220715,20220715,20,6.6,4.7,227.5,50.53,573.17,,,,,,20.9,17.9,20220712,28.2,,,,,,,,,
95,철원,2022-08,24,28.2,20.6,32.2,11,20220820,20220828,989.5,1007.1,1018,995.4,20220829,20220815,25.9,34.6,12.3,20220806,20220827,21.3,87,42,20220828,420.4,119.9,49.3,16.3,20220808,20220808,20220808,118.2,6.8,82.9,4.7,20220816,20220816,1.2,5.7,15.2,180,200,20220817,20220815,200,6.8,5.1,176.3,41.76,455.87,,,,,,20.8,11,20220828,26.5,,,,,,,,,
95,철원,2022-09,19.4,25.9,13.8,31.6,6.9,20220918,20220924,996.3,1014.3,1021.1,999.4,20220910,20220906,17.4,28.6,9,20220918,20220923,14.9,78,28,20220921,257.4,131.5,21.9,12.9,20220905,20220904,20220916,117,7.2,82,5.1,20220902,20220902,1.4,6.9,13.9,50,50,20220919,20220919,20,5.3,2.8,236.3,63.28,500.53,,,,,,12.2,4.5,20220924,21.1,,,,,,,,,
95,철원,2022-10,11.4,18.3,5.7,26.3,-1.3,20221001,20221019,1003.9,1022.7,1031.7,1007.9,20221025,20221004,10.8,26,3.6,20221003,20221017,7.3,80,16,20221021,162.1,109.5,39.5,12.6,20221003,20221003,20221003,84.4,4.2,58.9,2.9,20221001,20221001,1,5,10.2,290,320,20221010,20221010,20,5,3.6,211.6,60.84,383.41,,,,,,2.7,-5,20221019,14.1,,,,,,,,,
95,철원,2022-11,6.6,13.9,.5,20.6,-9.7,20221111,20221130,1003.4,1022.4,1035.9,1007.3,20221130,20221113,7.8,18.8,1.1,20221112,20221130,2.2,77,17,20221126,85.2,37.1,,,20221112,,,54.3,3.2,38.1,2.2,20221102,20221102,.9,5.7,13.1,200,230,20221125,20221125,200,4.4,3,179.3,58.9,271.46,,,,,,-3.2,-10.8,20221105,8.3,,,,,,,,,
95,철원,2022-12,-6.8,-.6,-12.7,7.7,-20.4,20221209,20221224,1006.2,1026.4,1035.9,1009.2,20221229,20221222,2.7,6.4,.8,20221212,20221214,-12,70,18,20221208,8.1,3.1,,,20221221,,,33.5,1.9,23.3,1.3,20221208,20221208,.9,7.4,15.9,290,290,20221213,20221213,230,4.9,2.5,197.1,66.41,255.07,,,,,,-8.5,-15.3,20221202,-.3,,,,,,,,,
95,철원,2023-01,-5.8,.7,-12.4,9.7,-21.9,20230112,20230125,1006,1026.1,1036.2,1009.8,20230125,20230113,3.2,8.7,.6,20230113,20230124,-10.1,75,20,20230121,42.2,28.9,,,20230113,,,34.1,1.9,23.8,1.3,20230130,20230130,.9,5,10.3,290,290,20230124,20230127,290,5.1,3,177.1,57.95,267.31,,,,,,-8.6,-20.3,20230125,-1.2,,,,,,,,,
95,철원,2023-02,-.9,5.7,-6.9,10.9,-11.9,20230227,20230204,1007.3,1027.1,1039.9,1015.2,20230226,20230201,3.8,6.8,1.3,20230210,20230220,-7.1,68,16,20230227,0,0,,,20230219,,,57.2,3.7,39.8,2.6,20230227,20230227,1,5,11.4,290,290,20230219,20230219,20,3.2,1.7,203.1,67.32,341.31,,,,,,-10.6,-14.6,20230204,.7,,,,,,,,,
95,철원,2023-03,6.7,15.1,-1.4,23.7,-6.4,20230331,20230303,1001.9,1020.9,1032,1004.9,20230316,20230323,5.4,13.4,1.4,20230323,20230313,-2.9,58,10,20230326,12.5,9.2,,,20230312,,,119.8,6.9,83.8,4.9,20230330,20230330,1.2,5.7,12.4,290,320,20230312,20230312,230,3.6,1.8,257.9,69.61,495.74,,,,,,-5.4,-10.1,20230303,7.4,,,,,,,,,
95,철원,2023-04,11.7,17.9,5.2,27,-1.6,20230419,20230409,996.5,1015.1,1026.3,1001.5,20230423,20230415,8.2,17.2,2,20230420,20230412,3.1,64,9,20230404,97.5,39.3,5.5,2.1,20230405,20230416,20230416,131.7,8.3,92.3,5.8,20230421,20230421,1.6,6.2,13.4,200,200,20230407,20230407,200,5,3.2,213.9,54.1,493.02,,,,,,1.4,-10,20230427,13.3,,,,,,,,,
95,철원,2023-05,17.4,24,10.8,30.1,3,20230516,20230508,995.4,1013.6,1025.2,1000.9,20230502,20230505,12.9,22.7,5.1,20230529,20230502,10,67,18,20230502,161.9,75.5,13.8,4.8,20230505,20230505,20230505,178.1,8.1,124.3,5.6,20230522,20230522,1.5,5.8,11.3,20,50,20230506,20230506,230,5.2,2.8,280.8,63.62,668.51,,,,,,7.3,-.8,20230508,20.3,,,,,,,,,
95,철원,2023-06,21.7,27.3,16.7,33.3,12,20230618,20230604,989.4,1007.1,1016,997.8,20230617,20230629,19.7,29.8,9.2,20230630,20230603,17,78,23,20230603,220.4,60.9,32.4,17.8,20230629,20230609,20230609,160.1,9.1,112.3,6.4,20230603,20230603,1.3,5.4,16,360,180,20230613,20230610,230,5.4,3.3,234.1,54.66,619.53,,,,,,14.9,8.3,20230609,25.9,,,,,,,,,
95,철원,2023-07,25.4,30.1,21.7,33.6,17.7,20230722,20230708,989.9,1007.4,1017.4,990.1,20230726,20230705,27.4,34.4,12.9,20230728,20230707,22.6,86,26,20230707,383.4,74,52.9,23.1,20230726,20230715,20230715,148.4,7.6,103.9,5.3,20230703,20230703,1.3,6.7,12.8,360,320,20230709,20230709,230,6.4,4.4,202.3,44.92,565.94,,,,,,21.1,16.2,20230708,28.9,,,,,,,,,
95,철원,2023-08,25.1,29.8,21.4,33.8,17.9,20230801,20230831,988.6,1006.1,1013.1,992.2,20230820,20230810,26.8,33.8,19.1,20230801,20230831,22.2,85,48,20230826,241.6,73.7,17.5,6.4,20230823,20230829,20230823,138.6,7.6,96.8,5.3,20230808,20230808,1.5,6.4,13.9,20,50,20230807,20230810,20,6.8,4.3,198.5,46.97,517.99,,,,,,21.2,17.3,20230831,28.3,,,,,,,,,
95,철원,2023-09,21.3,26.8,16.8,31.8,10.7,20230905,20230922,995.9,1013.8,1024.5,1008,20230924,20230911,20.9,30.7,9.3,20230904,20230924,18,84,30,20230924,102.9,30.5,22.9,13.7,20230917,20230917,20230930,115,6.7,80.2,4.7,20230907,20230907,1.2,5.5,11.9,20,20,20230921,20230921,20,6.2,4,192.8,51.59,450.16,,,,,,16,9.5,20230922,23.6,,,,,,,,,
95,철원,2023-10,12.4,19.7,6.2,22.8,-.4,20231002,20231022,1001,1019.6,1028.2,1009,20231012,20231014,11.2,17.4,4.1,20231019,20231021,8.2,79,24,20231028,30.5,12.5,7.6,3.5,20231019,20231009,20231004,95.1,4.8,66.7,3.4,20231001,20231001,.9,4.9,11.3,340,320,20231004,20231020,230,4.1,2.4,229.3,65.89,418.2,,,,,,4,-2.2,20231022,14.2,,,,,,,,,
95,철원,2023-11,4.3,9.8,-.7,24.6,-11.6,20231102,20231130,1003.1,1022.4,1037.6,998.3,20231125,20231106,7,20.6,1.2,20231106,20231125,-.6,73,17,20231125,104.9,62.8,,,20231106,,,52.3,3.7,36.6,2.6,20231102,20231102,1.3,6.3,17.5,360,230,20231109,20231106,200,3.7,2.9,161,52.87,263.88,,,,,,-3.6,-12.2,20231125,5.5,,,,,,,,,
95,철원,2023-12,-1.9,3.3,-7.2,15.6,-18.3,20231209,20231222,1006.3,1026.1,1041.5,1005,20231223,20231206,4.7,12.5,1,20231209,20231222,-5.5,79,32,20231223,69.4,21.9,,,20231211,,,32.2,2,22.4,1.4,20231210,20231210,1.4,7.1,15.2,360,290,20231211,20231216,230,4.5,3.3,148.4,50.02,208.16,,,,,,-7.5,-12.9,20231201,0,,,,,,,,,
95,철원,2024-01,-3.3,2.1,-8.5,9.1,-16.4,20240131,20240123,1006.8,1026.7,1037.4,1016.1,20240116,20240111,3.7,7.1,1,20240105,20240123,-7.8,74,24,20240131,7.2,3.8,,,20240114,,,39.8,2.2,28.1,1.5,20240131,20240131,1.2,6.1,10.4,20,360,20240120,20240120,200,3.4,2.4,171.7,56.22,275.31,,,,,,-10.5,-16.9,20240125,-1.2,,,,,,,,,
95,철원,2024-02,1.2,6.7,-3.6,17.4,-9.3,20240214,20240211,1006.2,1025.8,1035.2,1009.4,20240223,20240219,5.3,12.5,2.6,20240219,20240208,-2.6,78,31,20240212,48.2,16.1,,,20240215,,,46.6,2.7,32.5,1.9,20240214,20240214,1.5,5.6,11.1,20,20,20240205,20240205,20,5.9,4.2,146,46.69,270.93,,,,,,-7.1,-12.7,20240211,1.7,,,,,,,,,
95,철원,2024-03,4.4,11,-2.2,21.7,-11.9,20240324,20240302,999.8,1019,1031.5,1003.7,20240310,20240329,5.2,11.4,1,20240328,20240301,-3.3,63,10,20240304,42.4,25.5,,,20240322,,,95.9,5.5,66.6,3.8,20240318,20240318,1.6,6.5,13.7,360,290,20240317,20240319,230,4.4,2.9,221.1,59.52,456.37,,,,,,-6.6,-14,20240302,5.9,,,,,,,,,
95,철원,2024-04,14.2,21.7,7.3,29.9,-.8,20240414,20240401,996.1,1014.5,1027.5,1004,20240410,20240430,9.6,17.7,3.6,20240415,20240401,5.9,63,13,20240402,17.9,11.2,6.1,1.5,20240415,20240415,20240415,142.4,7.8,99.6,5.4,20240428,20240428,1.7,6.5,13,20,140,20240429,20240423,20,4.5,2.3,240.7,60.71,553.23,,,,,,3.8,-5.4,20240401,15.8,,,,,,,,,
95,철원,2024-05,16.6,23,10.5,27.9,5.3,20240504,20240508,995.2,1013.4,1021.6,1000.2,20240503,20240526,12.8,20.5,5.7,20240526,20240516,10.2,71,21,20240501,156.5,53.7,12.4,2.6,20240505,20240515,20240515,172.1,8.2,120.6,5.8,20240528,20240528,1.5,5.9,12.9,50,230,20240507,20240511,230,4,2.9,269.3,60.93,669.74,,,,,,7.6,2.2,20240503,20.2,,,,,,,,,
95,철원,2024-06,22.7,29.2,16.2,35.8,10.4,20240620,20240603,990,1007.7,1020,993.7,20240605,20240630,18.3,28.4,7.7,20240630,20240603,15.8,69,21,20240620,98.1,39.1,26.1,15.1,20240630,20240623,20240623,177.7,9.4,124.6,6.6,20240603,20240603,1.3,5.1,15,20,290,20240603,20240623,230,4,2.2,298.9,67.46,735.4,,,,,,12.8,5.3,20240604,28.4,,,,,,,,,
95,철원,2024-07,25.3,29.1,22.3,33.4,19,20240726,20240711,988.9,1006.4,1016.2,998.7,20240727,20240706,27.7,35.9,20.8,20240726,20240714,22.7,87,48,20240716,759.5,194.9,74.2,23.9,20240717,20240722,20240722,117.1,6.8,81.7,4.7,20240714,20240714,1.7,6.3,14.9,200,270,20240705,20240722,200,7.2,6,141.2,31.39,448.01,,,,,,21.4,17.2,20240711,27,,,,,,,,,
95,철원,2024-08,27.2,32.5,23.2,35.7,17.8,20240814,20240831,990.1,1007.5,1012.4,1000.6,20240817,20240822,29.6,35.2,20.2,20240812,20240831,23.8,83,40,20240814,232.9,90.5,43.1,22.4,20240806,20240806,20240806,147.7,6.7,103.7,4.7,20240828,20240828,1.2,5,9.8,140,180,20240806,20240822,20,4.7,3,243.8,57.83,597.5,,,,,,22.6,16,20240831,30.1,,,,,,,,,
95,철원,2024-09,22.6,27.9,18.3,33.9,10.2,20240911,20240924,996.3,1014,1024.1,1005,20240929,20240914,22.6,33.4,11.6,20240918,20240923,19.1,83,38,20240923,179.2,81,27,10,20240920,20240920,20240920,118.3,6.5,82.6,4.5,20240911,20240911,1.5,6.7,11.6,20,50,20240921,20240927,20,5.8,4.6,192.8,51.72,440,,,,,,17,7.6,20240924,25,,,,,,,,,
95,철원,2024-10,13.5,19.9,8.3,24.3,3.4,20241017,20241025,1002.6,1021.2,1034.9,1009.4,20241020,20241022,12.8,20.8,6.6,20241001,20241002,10.3,84,27,20241016,66.7,27.6,9.4,2.4,20241018,20241018,20241018,78.4,4.6,54.9,3.2,20241004,20241004,.9,5.1,11.5,230,230,20241023,20241023,20,4.8,3.3,167.1,48.11,338.82,,,,,,5,.2,20241025,15.8,,,,,,,,,
95,철원,2024-11,6.5,13.8,.3,22.2,-7.7,20241102,20241129,1003.9,1023.1,1036.4,1008.5,20241118,20241126,7.6,16.9,1.9,20241104,20241118,2,76,19,20241107,29.8,17.3,,,20241126,,,60,3.4,42,2.4,20241102,20241102,.9,6.3,12.4,230,230,20241126,20241126,230,4.3,3.1,181.9,59.87,286.9,,,,,,-3.4,-10.6,20241118,7.3,,,,,,,,,
95,철원,2024-12,-3.1,3.2,-9.4,12.3,-16.9,20241202,20241222,1004.8,1024.7,1035,1013.8,20241219,20241202,3.3,11.4,1.4,20241202,20241228,-9.1,67,22,20241208,7.3,3.5,,,20241221,,,44.3,2.2,31,1.5,20241204,20241205,1,5.1,10.8,340,290,20241203,20241215,230,3,2,202.2,68.17,276.26,,,,,,-11.1,-16.8,20241218,-1.1,,,,,,,,,
95,철원,2025-01,-4.5,1.5,-10.5,8.5,-20.6,20250125,20250110,1005.4,1025.4,1036.1,1013.4,20250110,20250128,3.3,7.1,.8,20250120,20250109,-9.4,73,20,20250102,11.2,5.1,,,20250127,,,36.8,2.2,26,1.5,20250124,20250124,.9,5,11.1,290,250,20250109,20250127,230,4.8,3.3,169.6,55.44,258.53,,,,,,-8.4,-15.9,20250103,-1,,,,,,,,,
95,철원,2025-02,-4.3,2.1,-11.1,11.8,-18.1,20250227,20250208,1005.4,1025.4,1035.3,1011.8,20250222,20250212,2.8,7.7,1,20250228,20250207,-11.6,62,12,20250227,2,2,,,20250212,,,57,3.9,40.1,2.7,20250227,20250227,1.3,6.5,13.1,290,270,20250226,20250207,290,2.8,1.5,213.7,70.71,377.89,,,,,,-12.1,-16.4,20250208,-1.6,,,,,,,,,
95,철원,2025-03,5.1,12.4,-1.6,23.3,-7.3,20250323,20250330,1000.1,1019.3,1033.5,992.7,20250309,20250325,5.4,12.4,1.1,20250327,20250329,-2.5,64,10,20250328,33,14,,,20250302,,,107.8,6.1,75.4,4.3,20250314,20250314,1.7,7.1,16.4,20,290,20250302,20250329,230,4.5,2.9,235.8,63.51,486,,,,,,-5.3,-12.7,20250330,5.5,,,,,,,,,
95,철원,2025-04,11.5,18.7,4.2,25.8,-3.1,20250421,20250401,993.3,1011.9,1026.9,997.4,20250401,20250413,8.6,19.5,2.7,20250422,20250425,3.9,66,13,20250425,128.1,39.7,17.3,9.3,20250422,20250419,20250419,143.3,8.2,100.2,5.8,20250430,20250430,1.5,7,17.2,200,230,20250419,20250413,230,4,2.6,254.3,64.2,572.68,,,,,,.1,-7.4,20250401,13.8,,,,,,,,,
95,철원,2025-05,16,21.8,10.3,28.4,4.5,20250521,20250506,993.3,1011.5,1020.4,995.3,20250527,20250510,13,27.1,4.3,20250521,20250504,10.2,74,17,20250531,86.7,23.9,7.8,2.7,20250510,20250515,20250515,145.5,8.4,102.5,5.9,20250530,20250530,1.4,6.7,14.4,230,230,20250504,20250504,230,5.4,3.6,223.7,50.63,576.36,,,,,,7.3,0,20250506,18.8,,,,,,,,,
95,철원,2025-06,22.3,27.7,17.2,33.1,10.2,20250619,20250605,989.7,1007.4,1016.9,995.8,20250612,20250615,20.2,30.4,6.9,20250630,20250603,17.3,76,24,20250606,198,120.5,27.2,12.2,20250620,20250620,20250620,159.8,8.4,112.2,5.9,20250612,20250612,1.4,5.9,12.6,200,200,20250620,20250620,230,5.7,3.7,208.1,46.96,593.23,,,,,,14.9,6.1,20250605,26.2,,,,,,,,,
95,철원,2025-07,26.1,31,22.2,35.5,17.9,20250708,20250712,990,1007.6,1016.2,994,20250723,20250715,28,36.3,15.8,20250730,20250710,22.8,84,31,20250712,205.7,93.2,41.7,11.3,20250720,20250720,20250720,158.4,10.4,111,7.3,20250710,20250710,1.3,6,10.3,20,320,20250710,20250713,230,5.7,4.4,204.4,45.4,573.34,,,,,,21.9,16.6,20250712,28.8,,,,,,,,,
95,철원,2025-08,26.3,30.9,22.5,35,17.4,20250801,20250810,991.5,1009,1017.4,999.6,20250815,20250806,28.6,34.8,19.9,20250829,20250810,23.2,85,44,20250810,430.9,128.1,47.4,24.2,20250813,20250825,20250825,139.2,6.9,97.4,4.8,20250810,20250810,1.1,5.5,14.9,290,290,20250831,20250825,230,6.2,4.1,201.1,47.64,530.64,,,,,,22.3,17.1,20250810,29.1,,,,,,,,,
95,철원,2025-09,21.2,26.4,16.8,32,11.7,20250905,20250922,996.1,1014.1,1024.5,1003.7,20250922,20250901,21.2,32.1,11.2,20250901,20250923,18.2,86,28,20250910,269.6,73.8,36.9,11.1,20250917,20250917,20250906,107.7,6.7,75.7,4.7,20250911,20250911,1.1,5.3,9.2,340,320,20250913,20250913,340,6.2,4.6,170.3,45.66,425.38,,,,,,17,12,20250922,23.6,,,,,,,,,
95,철원,2025-10,14.2,19.2,10.1,27,-3.7,20251008,20251028,1002.9,1021.5,1032.8,1011.2,20251029,20251011,14,24,2.7,20251005,20251027,11.1,84,20,20251028,189.7,67,11.5,2.9,20251011,20251011,20251011,68.8,5.4,47.8,3.8,20251008,20251008,1.5,5.2,10,340,320,20251007,20251027,340,6.6,5.5,129.1,37.15,286.91,,,,,,9.8,-3.9,20251028,16.3,,,,,,,,,
95,철원,2025-11,5.6,12.6,-.7,19.6,-7,20251107,20251119,1003.9,1023.1,1032.9,1011.1,20251103,20251127,6.6,12.6,1.7,20251101,20251117,.1,72,19,20251115,16.7,8.7,,,20251127,,,61.8,3.5,43.3,2.5,20251116,20251116,,4.7,10.8,230,340,20251121,20251127,230,3.1,2.3,183.2,60.22,292.75,,,,,,-4.6,-10.8,20251119,5.5,,,,,,,,,
95,철원,2025-12,-1.9,2.7,-7.1,11.6,-15.6,20251201,20251226,1005.5,1025.4,1035.4,1014.5,20251222,20251201,4.3,11.2,.9,20251220,20251226,-6.2,76,17,20251202,34.2,10.5,,,20251223,,,33.5,2.2,23.3,1.5,20251202,20251202,.9,5.5,15,320,340,20251203,20251203,230,4.9,3.9,146.3,49.33,209.9,,,,,,-8.4,-15,20251204,-.7,,,,,,,,,
